first_name,second_name,form,team_against,Home_Away,minutes,xG,xA,xGC,xPoints,total_points,goals_scored,assists,clean_sheets,goals_conceded,bonus,saves,defensive_points,clearances_blocks_interceptions,recoveries,tackles,defensive_contribution,own_goals,penalties_saved,penalties_missed,yellow_cards,red_cards
Bukayo,Saka,6.8,Aston Villa,Away,319.0,0.4542319749216301,0.40344827586206905,0.29623824451410663,6.852978056426333,6.206896551724138,0.5642633228840126,0.0,0.5642633228840126,0.2821316614420063,0.0,0.0,0.5642633228840126,1.1285266457680252,6.206896551724138,2.2570532915360504,9.592476489028213,0.0,0.0,0.0,0.0,0.0
Martin,Ødegaard,1.0,Aston Villa,Away,156.0,0.04038461538461539,0.19615384615384615,0.4961538461538461,3.1788461538461537,2.8846153846153846,0.0,0.0,0.5769230769230769,0.0,0.0,0.0,0.0,0.5769230769230769,2.8846153846153846,2.3076923076923075,5.769230769230769,0.0,0.0,0.0,0.0,0.0
Noni,Madueke,1.2,Aston Villa,Away,246.0,0.10243902439024391,0.3219512195121951,0.39878048780487807,4.737804878048781,3.658536585365854,0.0,0.0,1.0975609756097562,0.36585365853658536,0.0,0.0,0.0,1.0975609756097562,2.926829268292683,1.829268292682927,5.853658536585366,0.0,0.0,0.0,0.0,0.0
Gabriel,Martinelli Silva,1.0,Aston Villa,Away,84.0,0.09642857142857142,0.02142857142857143,0.7071428571428572,4.124999999999999,4.285714285714286,0.0,0.0,1.0714285714285714,0.0,0.0,0.0,0.0,2.142857142857143,2.142857142857143,0.0,4.285714285714286,0.0,0.0,0.0,0.0,0.0
Leandro,Trossard,5.2,Aston Villa,Away,361.0,0.2218836565096953,0.07977839335180055,0.4437673130193906,4.644598337950139,5.2354570637119116,0.24930747922437674,0.24930747922437674,0.4986149584487535,0.4986149584487535,0.4986149584487535,0.0,0.0,0.997229916897507,3.2409972299168976,1.2465373961218837,5.484764542936288,0.0,0.0,0.0,0.0,0.0
Declan,Rice,3.8,Aston Villa,Away,421.0,0.22019002375296912,0.29928741092636574,0.4382422802850356,6.049881235154394,6.4133016627078385,0.21377672209026127,0.42755344418052255,0.6413301662707838,0.42755344418052255,1.0688836104513064,0.0,0.42755344418052255,2.137767220902613,4.703087885985748,1.9239904988123515,8.764845605700712,0.0,0.0,0.0,0.21377672209026127,0.0
Mikel,Merino Zazón,8.0,Aston Villa,Away,312.0,0.2451923076923077,0.20769230769230768,0.33749999999999997,4.973076923076923,6.346153846153846,0.28846153846153844,0.5769230769230769,0.5769230769230769,0.5769230769230769,0.5769230769230769,0.0,0.0,1.7307692307692306,5.480769230769231,3.173076923076923,10.384615384615385,0.0,0.0,0.0,0.0,0.0
Ethan,Nwaneri,0.2,Aston Villa,Away,124.0,0.12338709677419354,0.02903225806451613,0.14516129032258066,3.462096774193548,2.903225806451613,0.0,0.0,0.7258064516129032,0.0,0.0,0.0,0.0,0.7258064516129032,4.354838709677419,0.7258064516129032,5.806451612903226,0.0,0.0,0.0,0.0,0.0
Martín,Zubimendi Ibáñez,2.5,Aston Villa,Away,420.0,0.02142857142857143,0.05571428571428571,0.4135714285714286,3.5035714285714286,3.214285714285714,0.0,0.0,0.6428571428571428,0.42857142857142855,0.0,0.0,0.42857142857142855,4.5,4.071428571428571,2.142857142857143,10.714285714285714,0.0,0.0,0.0,0.0,0.0
Eberechi,Eze,6.2,Aston Villa,Away,329.0,0.3747720364741642,0.1887537993920973,0.3556231003039514,6.734954407294833,11.48936170212766,1.094224924012158,0.547112462006079,0.547112462006079,0.2735562310030395,1.6413373860182372,0.0,0.0,1.3677811550151977,3.8297872340425534,2.188449848024316,7.386018237082067,0.0,0.0,0.0,0.0,0.0
Morgan,Rogers,6.5,Arsenal,Home,445.0,0.07078651685393259,0.05460674157303371,0.9161797752808989,2.574606741573034,3.640449438202247,0.0,0.4044943820224719,0.6067415730337078,0.4044943820224719,0.0,0.0,0.0,1.4157303370786516,3.842696629213483,1.6179775280898876,6.876404494382022,0.0,0.0,0.0,0.20224719101123595,0.0
Youri,Tielemans,2.5,Arsenal,Home,254.0,0.05669291338582677,0.16299212598425197,1.555511811023622,2.7956692913385823,2.8346456692913384,0.0,0.0,0.7086614173228346,1.0629921259842519,0.0,0.0,0.0,3.1889763779527556,3.1889763779527556,2.4803149606299213,8.858267716535433,0.0,0.0,0.0,0.0,0.0
Emiliano,Buendía Stati,3.5,Arsenal,Home,229.0,0.20829694323144107,0.09432314410480351,1.068995633187773,5.175982532751092,11.004366812227074,0.7860262008733625,0.7860262008733625,0.39301310043668125,0.39301310043668125,2.3580786026200875,0.0,0.0,1.9650655021834063,4.323144104803494,1.9650655021834063,8.253275109170307,0.0,0.0,0.0,0.39301310043668125,0.0
Donyell,Malen,4.8,Arsenal,Home,239.0,0.4405857740585774,0.030125523012552304,1.1184100418410043,5.802928870292887,7.531380753138076,0.7531380753138076,0.0,0.3765690376569038,1.5062761506276152,1.1297071129707112,0.0,0.0,0.0,1.882845188284519,0.3765690376569038,2.2594142259414225,0.0,0.0,0.0,0.0,0.0
John,McGinn,3.5,Arsenal,Home,370.0,0.20432432432432437,0.20918918918918922,0.8464864864864867,5.064324324324325,5.837837837837839,0.24324324324324326,0.24324324324324326,0.972972972972973,0.24324324324324326,0.24324324324324326,0.0,0.4864864864864865,2.4324324324324325,5.594594594594595,1.7027027027027029,9.72972972972973,0.0,0.0,0.0,0.24324324324324326,0.0
Boubacar,Kamara,4.8,Arsenal,Home,437.0,0.0391304347826087,0.06796338672768878,0.996796338672769,2.724713958810069,4.530892448512586,0.20594965675057209,0.20594965675057209,0.8237986270022883,0.20594965675057209,0.6178489702517163,0.0,0.0,1.853546910755149,4.324942791762014,2.265446224256293,8.443935926773456,0.0,0.0,0.0,0.6178489702517163,0.0
Amadou,Onana,5.2,Arsenal,Home,250.0,0.0108,0.014400000000000001,1.4868000000000001,3.3372,6.12,0.36,0.0,1.08,0.0,0.36,0.0,0.72,6.12,3.24,2.88,12.24,0.0,0.0,0.0,0.0,0.0
Evann,Guessand,2.2,Arsenal,Home,150.0,0.042,0.10800000000000001,1.71,2.256,2.4,0.0,0.0,0.0,1.7999999999999998,0.0,0.0,0.0,0.0,5.3999999999999995,3.0,8.4,0.0,0.0,0.0,0.0,0.0
Jaidon,Anthony,2.2,Newcastle,Away,361.0,0.14459833795013852,0.03988919667590028,1.767590027700831,2.986703601108033,4.238227146814404,0.24930747922437674,0.0,0.24930747922437674,1.2465373961218837,0.7479224376731302,0.0,0.0,1.4958448753462603,3.739612188365651,0.7479224376731302,5.983379501385041,0.0,0.0,0.0,0.24930747922437674,0.0
Jacob,Bruun Larsen,1.0,Newcastle,Away,198.0,0.08636363636363635,0.03636363636363636,0.6454545454545455,2.6227272727272726,2.727272727272727,0.0,0.0,0.45454545454545453,0.0,0.0,0.0,0.0,0.9090909090909091,1.8181818181818181,0.9090909090909091,3.6363636363636362,0.0,0.0,0.0,0.0,0.0
Josh,Cullen,4.5,Newcastle,Away,431.0,0.020881670533642694,0.02296983758700696,1.7561484918793504,2.5559164733178656,2.923433874709977,0.0,0.0,0.20881670533642693,1.2529002320185616,0.0,0.0,0.8352668213457077,4.385150812064965,4.385150812064965,1.2529002320185616,10.023201856148493,0.0,0.0,0.0,0.20881670533642693,0.0
Hannibal,Mejbri,1.2,Newcastle,Away,140.0,0.012857142857142857,0.19285714285714284,1.2214285714285713,4.075714285714286,4.5,0.0,0.0,0.6428571428571428,0.6428571428571428,0.0,0.0,1.2857142857142856,1.2857142857142856,9.0,2.571428571428571,12.857142857142858,0.0,0.0,0.0,0.0,0.0
Josh,Laurent,0.5,Newcastle,Away,276.0,0.003260869565217391,0.006521739130434782,1.9695652173913045,1.6141304347826084,2.282608695652174,0.0,0.0,0.0,1.3043478260869565,0.0,0.0,0.0,5.5434782608695645,0.9782608695652173,0.32608695652173914,6.8478260869565215,0.0,0.0,0.0,0.0,0.0
Loum,Tchaouna,2.0,Newcastle,Away,260.0,0.06230769230769231,0.06923076923076922,1.4676923076923079,2.1807692307692315,4.153846153846154,0.34615384615384615,0.0,0.0,1.0384615384615385,0.0,0.0,0.0,2.769230769230769,1.0384615384615385,1.3846153846153846,5.1923076923076925,0.0,0.0,0.0,0.0,0.0
Lesley,Ugochukwu,2.2,Newcastle,Away,365.0,0.09863013698630138,0.014794520547945207,1.8394520547945203,2.406575342465753,3.945205479452055,0.24657534246575344,0.0,0.4931506849315069,0.9863013698630138,0.4931506849315069,0.0,0.0,2.712328767123288,1.9726027397260275,1.4794520547945207,6.164383561643836,0.0,0.0,0.0,0.0,0.24657534246575344
Florentino Ibrain,Morris Luís,3.2,Newcastle,Away,423.0,0.07659574468085106,0.01702127659574468,1.6425531914893619,2.8659574468085105,3.6170212765957444,0.0,0.2127659574468085,0.2127659574468085,1.0638297872340425,0.0,0.0,0.851063829787234,5.74468085106383,4.25531914893617,3.1914893617021276,13.191489361702127,0.0,0.0,0.0,0.2127659574468085,0.0
Justin,Kluivert,1.2,Chelsea,Home,216.0,0.12916666666666668,0.23750000000000004,0.8958333333333334,3.908333333333333,5.416666666666667,0.4166666666666667,0.0,0.8333333333333334,0.4166666666666667,0.4166666666666667,0.0,0.0,1.25,5.416666666666667,1.25,7.916666666666667,0.0,0.0,0.0,0.8333333333333334,0.0
Antoine,Semenyo,1.2,Chelsea,Home,450.0,0.386,0.072,0.686,6.548,8.6,0.6,0.4,0.4,0.6,1.2,0.0,0.8,1.6,6.8,2.2,10.6,0.0,0.0,0.0,0.0,0.0
Marcus,Tavernier,2.8,Chelsea,Home,344.0,0.3401162790697674,0.07848837209302327,0.5101744186046511,5.611918604651162,6.540697674418604,0.5232558139534883,0.0,0.7848837209302325,0.7848837209302325,0.7848837209302325,0.0,0.0,1.3081395348837208,3.4011627906976742,1.0465116279069766,5.755813953488372,0.0,0.0,0.0,0.0,0.0
Tyler,Adams,3.5,Chelsea,Home,426.0,0.012676056338028168,0.02323943661971831,0.6718309859154928,2.5119718309859156,2.9577464788732395,0.0,0.2112676056338028,0.4225352112676056,0.8450704225352113,0.0,0.0,0.0,3.8028169014084505,4.859154929577465,1.6901408450704225,10.352112676056338,0.0,0.0,0.0,0.2112676056338028,0.0
David,Brooks,0.5,Chelsea,Home,293.0,0.15051194539249146,0.1167235494880546,0.678839590443686,3.49556313993174,2.150170648464164,0.0,0.0,0.30716723549488056,1.2286689419795223,0.0,0.0,0.0,1.5358361774744027,4.914675767918089,0.9215017064846417,7.3720136518771335,0.0,0.0,0.0,0.9215017064846417,0.0
Ryan,Christie,0.5,Chelsea,Home,96.0,0.33749999999999997,0.1125,0.16874999999999998,4.66875,2.8125,0.0,0.0,0.0,0.0,0.0,0.0,0.0,2.8125,3.75,0.0,6.5625,0.0,0.0,0.0,0.0,0.0
Lewis,Cook,0.8,Chelsea,Home,90.0,0.02,0.08,0.65,4.6899999999999995,4.0,0.0,0.0,0.0,2.0,0.0,0.0,2.0,3.0,8.0,4.0,15.0,0.0,0.0,0.0,0.0,0.0
Alex,Scott,1.8,Chelsea,Home,355.0,0.08112676056338028,0.0456338028169014,0.8163380281690141,4.122253521126761,3.8028169014084505,0.0,0.0,0.5070422535211268,1.0140845070422535,0.0,0.0,1.0140845070422535,5.577464788732394,7.098591549295774,2.028169014084507,14.704225352112676,0.0,0.0,0.0,0.0,0.0
Amine,Adli,2.5,Chelsea,Home,156.0,0.3,0.08076923076923077,0.6634615384615384,3.9634615384615386,2.8846153846153846,0.0,0.0,0.0,0.0,0.0,0.0,0.0,4.615384615384615,2.8846153846153846,2.8846153846153846,10.384615384615385,0.0,0.0,0.0,0.0,0.0
Dango,Ouattara,5.8,Spurs,Away,366.0,0.469672131147541,0.1278688524590164,1.0598360655737704,5.345901639344262,7.131147540983607,0.49180327868852464,0.7377049180327869,0.0,1.2295081967213115,0.7377049180327869,0.0,0.0,2.2131147540983607,2.2131147540983607,0.49180327868852464,4.918032786885246,0.0,0.0,0.0,0.49180327868852464,0.0
Kevin,Schade,3.5,Spurs,Away,422.0,0.21966824644549762,0.08530805687203791,1.1175355450236966,3.4037914691943127,4.90521327014218,0.42654028436018954,0.21327014218009477,0.21327014218009477,0.8530805687203791,0.42654028436018954,0.0,0.0,2.3459715639810423,3.625592417061611,1.066350710900474,7.0379146919431275,0.0,0.0,0.0,0.6398104265402843,0.0
Mikkel,Damsgaard,2.2,Spurs,Away,398.0,0.054271356783919596,0.19899497487437184,1.2979899497487437,4.224120603015075,3.844221105527638,0.0,0.22613065326633164,0.0,1.1306532663316582,0.4522613065326633,0.0,0.4522613065326633,2.2613065326633164,5.653266331658291,2.2613065326633164,10.175879396984923,0.0,0.0,0.0,0.0,0.0
Jordan,Henderson,3.2,Spurs,Away,423.0,0.006382978723404255,0.10000000000000002,1.3425531914893616,3.05531914893617,4.042553191489362,0.0,0.425531914893617,0.0,1.276595744680851,0.425531914893617,0.0,0.425531914893617,2.7659574468085104,4.8936170212765955,0.6382978723404255,8.297872340425531,0.0,0.0,0.0,0.2127659574468085,0.0
Vitaly,Janelt,0.8,Spurs,Away,61.0,0.0,0.29508196721311475,2.2868852459016393,6.786885245901638,5.9016393442622945,0.0,0.0,0.0,2.9508196721311473,0.0,0.0,2.9508196721311473,5.9016393442622945,7.377049180327869,4.426229508196721,17.704918032786885,0.0,0.0,0.0,0.0,0.0
Mathias,Jensen,1.5,Spurs,Away,178.0,0.0,0.04044943820224719,0.8595505617977529,2.8011235955056177,2.528089887640449,0.0,0.0,0.0,1.0112359550561798,0.0,0.0,0.0,2.0224719101123596,4.550561797752809,2.0224719101123596,8.595505617977528,0.0,0.0,0.0,0.0,0.0
Yehor,Yarmoliuk,2.0,Spurs,Away,363.0,0.04214876033057851,0.03719008264462811,1.3115702479338844,3.5553719008264464,4.214876033057851,0.0,0.24793388429752067,0.0,1.2396694214876034,0.0,0.0,1.4876033057851241,2.231404958677686,7.933884297520661,2.7272727272727275,12.892561983471074,0.0,0.0,0.0,0.24793388429752067,0.0
Mitoma,Kaoru,0.0,West Ham,Home,262.0,0.08244274809160307,0.05152671755725192,1.2229007633587785,2.4492366412213746,3.0916030534351147,0.0,0.3435114503816794,0.3435114503816794,1.0305343511450382,0.0,0.0,0.0,1.717557251908397,2.404580152671756,0.6870229007633588,4.809160305343512,0.0,0.0,0.0,0.3435114503816794,0.0
Georginio,Rutter,2.0,West Ham,Home,351.0,0.05384615384615385,0.21794871794871798,0.9256410256410257,3.6487179487179486,4.615384615384616,0.0,0.5128205128205129,0.5128205128205129,0.5128205128205129,0.25641025641025644,0.0,0.0,1.794871794871795,3.076923076923077,1.5384615384615385,6.410256410256411,0.0,0.0,0.0,0.0,0.0
Yankuba,Minteh,4.8,West Ham,Home,429.0,0.2958041958041958,0.14895104895104894,1.3678321678321679,4.967832167832168,6.923076923076923,0.2097902097902098,0.8391608391608392,0.2097902097902098,1.4685314685314685,1.048951048951049,0.0,0.0,0.8391608391608392,3.5664335664335667,3.146853146853147,7.5524475524475525,0.0,0.0,0.0,0.0,0.0
Brajan,Gruda,0.8,West Ham,Home,167.0,0.5119760479041916,0.0754491017964072,1.5682634730538922,6.515568862275448,6.4670658682634725,0.5389221556886228,0.0,0.0,2.155688622754491,1.0778443113772456,0.0,0.0,0.5389221556886228,5.92814371257485,1.0778443113772456,7.544910179640718,0.0,0.0,0.0,0.0,0.0
Jack,Hinshelwood,4.0,West Ham,Home,126.0,0.23571428571428574,0.04285714285714286,2.8000000000000003,3.45,7.142857142857143,0.0,1.4285714285714286,0.0,3.5714285714285716,0.0,0.0,0.0,3.5714285714285716,6.428571428571429,1.4285714285714286,11.428571428571429,0.0,0.0,0.0,0.0,0.0
Matt,O'Riley,0.0,West Ham,Home,87.0,0.8172413793103449,0.14482758620689656,0.5379310344827586,9.155172413793103,10.344827586206897,1.0344827586206897,0.0,1.0344827586206897,0.0,2.0689655172413794,0.0,0.0,0.0,0.0,3.103448275862069,3.103448275862069,0.0,0.0,0.0,0.0,0.0
Yasin,Ayari,2.5,West Ham,Home,389.0,0.1526992287917738,0.034704370179948596,1.2146529562982007,3.7203084832904882,4.16452442159383,0.23136246786632392,0.0,0.23136246786632392,0.9254498714652957,0.23136246786632392,0.0,0.46272493573264784,1.1568123393316196,5.784061696658098,2.544987146529563,9.485861182519281,0.0,0.0,0.0,0.0,0.0
Carlos,Baleba,2.0,West Ham,Home,327.0,0.01651376146788991,0.046788990825688076,1.318348623853211,2.7110091743119265,3.302752293577982,0.0,0.0,0.5504587155963303,1.3761467889908257,0.0,0.0,0.5504587155963303,4.678899082568807,3.853211009174312,1.926605504587156,10.458715596330276,0.0,0.0,0.0,0.0,0.0
Diego,Gómez Amarilla,2.0,West Ham,Home,319.0,0.40344827586206905,0.031034482758620686,1.1454545454545457,4.184012539184954,5.36050156739812,0.5642633228840126,0.0,0.2821316614420063,1.6927899686520378,0.8463949843260189,0.0,0.0,0.8463949843260189,3.6677115987460818,3.3855799373040756,7.899686520376176,0.0,0.0,0.0,0.8463949843260189,0.0
Mats,Wieffer,4.8,West Ham,Home,450.0,0.02,0.10600000000000001,1.4060000000000001,4.966,6.6,0.0,0.6,0.2,1.4,0.6,0.0,2.0,4.6,5.6,4.4,14.6,0.0,0.0,0.0,0.0,0.0
Cole,Palmer,0.2,Bournemouth,Away,90.0,0.17,0.03,0.66,3.28,3.0,0.0,0.0,1.0,0.0,0.0,0.0,0.0,0.0,4.0,1.0,5.0,0.0,0.0,0.0,0.0,0.0
Pedro,Lomba Neto,6.2,Bournemouth,Away,402.0,0.21044776119402983,0.13432835820895522,1.1350746268656715,4.806716417910447,5.149253731343284,0.22388059701492538,0.22388059701492538,0.22388059701492538,0.8955223880597015,0.8955223880597015,0.0,0.0,1.1194029850746268,2.6865671641791042,0.6716417910447761,4.477611940298507,0.0,0.0,0.0,0.0,0.0
Enzo,Fernández,4.5,Bournemouth,Away,442.0,0.46832579185520357,0.21380090497737556,1.3907239819004522,5.4203619909502265,3.665158371040724,0.20361990950226244,0.0,0.20361990950226244,1.425339366515837,0.4072398190045249,0.0,0.0,0.4072398190045249,5.294117647058823,2.239819004524887,7.941176470588235,0.0,0.0,0.0,0.0,0.0
Estêvão,Almeida de Oliveira Gonçalves,1.2,Bournemouth,Away,233.0,0.2858369098712446,0.24721030042918454,0.48283261802575106,5.164377682403433,4.63519313304721,0.0,0.38626609442060084,0.7725321888412017,0.38626609442060084,0.0,0.0,0.0,0.7725321888412017,1.9313304721030042,1.1587982832618025,3.8626609442060085,0.0,0.0,0.0,0.0,0.0
Jamie,Bynoe-Gittens,3.0,Bournemouth,Away,75.0,0.12,0.084,1.524,1.7279999999999998,2.4,0.0,0.0,0.0,0.0,0.0,0.0,0.0,1.2,2.4,2.4,6.0,0.0,0.0,0.0,0.0,0.0
Moisés,Caicedo Corozo,0.0,Bournemouth,Away,397.0,0.02947103274559194,0.05667506297229219,1.3239294710327452,2.0629722921914357,3.1738035264483626,0.22670025188916876,0.0,0.22670025188916876,1.5869017632241813,0.6801007556675063,0.0,0.0,2.947103274559194,4.987405541561713,2.4937027707808563,10.428211586901762,0.0,0.0,0.0,0.22670025188916876,0.22670025188916876
Tyrique,George,0.0,Bournemouth,Away,66.0,0.2863636363636364,0.013636363636363637,0.3681818181818182,5.195454545454546,4.090909090909091,0.0,0.0,1.3636363636363638,0.0,0.0,0.0,0.0,0.0,1.3636363636363638,0.0,1.3636363636363638,0.0,0.0,0.0,0.0,0.0
Alejandro,Garnacho Ferreyra,3.2,Bournemouth,Away,266.0,0.27406015037593984,0.37218045112781956,1.2654135338345864,4.797744360902255,6.7669172932330826,0.3383458646616541,0.6766917293233082,0.3383458646616541,1.0150375939849623,0.6766917293233082,0.0,0.0,0.3383458646616541,1.3533834586466165,0.6766917293233082,2.3684210526315788,0.0,0.0,0.0,0.0,0.0
Ismaïla,Sarr,1.8,Fulham,Away,381.0,0.3590551181102362,0.07795275590551182,1.2543307086614175,4.679527559055119,4.724409448818897,0.23622047244094488,0.0,0.7086614173228346,0.7086614173228346,0.7086614173228346,0.0,0.0,2.8346456692913384,3.0708661417322833,0.47244094488188976,6.377952755905512,0.0,0.0,0.0,0.0,0.0
Will,Hughes,1.0,Fulham,Away,208.0,0.06490384615384616,0.23365384615384618,1.0341346153846156,2.630769230769231,2.1634615384615388,0.0,0.0,0.4326923076923077,0.8653846153846154,0.0,0.0,0.0,1.2980769230769231,3.028846153846154,2.1634615384615388,6.490384615384616,0.0,0.0,0.0,0.4326923076923077,0.0
Daichi,Kamada,3.2,Fulham,Away,423.0,0.08085106382978723,0.08085106382978723,1.3340425531914892,3.4319148936170207,4.042553191489362,0.0,0.2127659574468085,0.425531914893617,1.276595744680851,0.0,0.0,0.851063829787234,1.702127659574468,6.595744680851063,2.553191489361702,10.851063829787234,0.0,0.0,0.0,0.0,0.0
Jefferson,Lerma Solís,2.0,Fulham,Away,248.0,0.02903225806451613,0.036290322580645164,0.4572580645161291,3.0629032258064512,5.443548387096774,0.0,0.7258064516129032,1.0887096774193548,0.0,0.3629032258064516,0.0,0.0,2.1774193548387095,4.354838709677419,0.7258064516129032,7.258064516129032,0.0,0.0,0.0,0.3629032258064516,0.0
Adam,Wharton,4.0,Fulham,Away,374.0,0.07219251336898397,0.23342245989304816,1.2344919786096253,3.95614973262032,3.368983957219251,0.0,0.0,0.48128342245989303,1.443850267379679,0.0,0.0,0.48128342245989303,2.1657754010695185,5.775401069518716,1.9251336898395721,9.866310160427807,0.0,0.0,0.0,0.0,0.0
Justin,Devenny,0.8,Fulham,Away,86.0,0.05232558139534884,0.14651162790697672,0.7116279069767442,4.1755813953488365,3.13953488372093,0.0,0.0,0.0,1.0465116279069766,0.0,0.0,0.0,0.0,6.27906976744186,3.13953488372093,9.41860465116279,0.0,0.0,0.0,0.0,0.0
Yéremy,Pino Santos,3.5,Fulham,Away,314.0,0.18917197452229298,0.22070063694267517,1.3127388535031848,4.015605095541401,2.8662420382165603,0.0,0.0,0.5732484076433121,1.1464968152866242,0.0,0.0,0.0,0.8598726114649682,4.872611464968153,0.8598726114649682,6.592356687898089,0.0,0.0,0.0,0.28662420382165604,0.0
Kiernan,Dewsbury-Hall,8.0,Nott'm Forest,Home,448.0,0.20691964285714287,0.2953125,1.2254464285714286,4.142410714285714,4.21875,0.20089285714285715,0.20089285714285715,0.4017857142857143,1.6071428571428572,0.20089285714285715,0.0,0.4017857142857143,1.40625,4.821428571428571,2.4107142857142856,8.638392857142858,0.0,0.0,0.0,0.4017857142857143,0.0
Iliman,Ndiaye,2.8,Nott'm Forest,Home,429.0,0.22657342657342658,0.3041958041958042,1.4307692307692308,4.059440559440559,3.3566433566433567,0.2097902097902098,0.0,0.2097902097902098,1.8881118881118881,0.2097902097902098,0.0,0.0,0.8391608391608392,4.615384615384616,2.5174825174825175,7.9720279720279725,0.0,0.0,0.0,0.2097902097902098,0.0
Carlos,Alcaraz Durán,1.8,Nott'm Forest,Home,116.0,0.1629310344827586,0.023275862068965515,2.1413793103448273,1.086206896551724,2.3275862068965516,0.0,0.0,0.0,0.7758620689655172,0.0,0.0,0.0,0.7758620689655172,5.43103448275862,3.103448275862069,9.310344827586206,0.0,0.0,0.0,0.0,0.0
Idrissa Gana,Gueye,2.0,Nott'm Forest,Home,445.0,0.09101123595505618,0.06269662921348314,1.0961797752808988,3.2844943820224723,3.842696629213483,0.20224719101123595,0.0,0.4044943820224719,0.8089887640449438,0.4044943820224719,0.0,0.0,2.0224719101123596,5.662921348314606,1.4157303370786516,9.101123595505618,0.0,0.0,0.0,0.0,0.0
James,Garner,3.5,Nott'm Forest,Home,450.0,0.13399999999999998,0.196,1.4420000000000002,3.178,2.8,0.0,0.2,0.2,1.8,0.4,0.0,0.0,2.6,3.2,2.2,8.0,0.0,0.0,0.0,0.4,0.0
Tim,Iroegbunam,2.8,Nott'm Forest,Home,271.0,0.03985239852398524,0.013284132841328414,1.2719557195571956,1.8232472324723246,4.649446494464945,0.0,0.6642066420664207,0.996309963099631,0.996309963099631,0.0,0.0,0.0,2.6568265682656826,3.985239852398524,1.3284132841328413,7.970479704797048,0.0,0.0,0.0,0.996309963099631,0.0
Jack,Grealish,4.8,Nott'm Forest,Home,439.0,0.12915717539863325,0.15990888382687926,1.478132118451025,3.503644646924829,3.6902050113895215,0.20501138952164008,0.0,0.20501138952164008,1.8451025056947608,0.6150341685649202,0.0,0.0,1.6400911161731206,4.5102505694760815,0.8200455580865603,6.970387243735763,0.0,0.0,0.0,0.20501138952164008,0.0
Merlin,Röhl,0.2,Nott'm Forest,Home,71.0,0.2915492957746479,0.02535211267605634,0.5704225352112676,4.766197183098591,3.802816901408451,0.0,0.0,0.0,1.267605633802817,0.0,0.0,0.0,0.0,6.338028169014085,5.070422535211268,11.408450704225352,0.0,0.0,0.0,0.0,0.0
Alex,Iwobi,3.5,Crystal Palace,Home,435.0,0.06620689655172414,0.16344827586206898,1.013793103448276,4.160689655172414,6.206896551724138,0.4137931034482759,0.20689655172413796,0.4137931034482759,1.4482758620689655,0.6206896551724138,0.0,0.4137931034482759,2.0689655172413794,4.758620689655173,1.4482758620689655,8.275862068965518,0.0,0.0,0.0,0.0,0.0
Emile,Smith Rowe,2.5,Crystal Palace,Home,155.0,0.1858064516129032,0.09870967741935482,1.7187096774193547,3.0890322580645155,5.806451612903225,0.5806451612903225,0.0,0.0,2.9032258064516125,0.0,0.0,0.0,1.161290322580645,2.9032258064516125,0.0,4.064516129032258,0.0,0.0,0.0,0.0,0.0
Ryan,Sessegnon,3.2,Crystal Palace,Home,450.0,0.09,0.018,1.01,3.3019999999999996,5.2,0.2,0.4,0.4,1.4,0.6,0.0,0.0,3.4,3.2,1.4,8.0,0.0,0.0,0.0,0.0,0.0
Harry,Wilson,5.2,Crystal Palace,Home,413.0,0.22445520581113798,0.11767554479418887,0.9501210653753026,4.550121065375302,6.755447941888621,0.43583535108958843,0.43583535108958843,0.43583535108958843,1.5254237288135595,0.8716707021791769,0.0,0.0,3.050847457627119,2.6150121065375305,0.8716707021791769,6.537530266343826,0.0,0.0,0.0,0.21791767554479421,0.0
Sander,Berge,1.8,Crystal Palace,Home,450.0,0.03,0.039999999999999994,1.01,1.8680000000000003,2.4,0.0,0.2,0.4,1.4,0.0,0.0,0.0,2.0,4.0,2.0,8.0,0.2,0.0,0.0,0.2,0.0
Tom,Cairney,0.0,Crystal Palace,Home,63.0,0.1285714285714286,0.0,1.6285714285714286,3.5000000000000004,2.857142857142857,0.0,0.0,0.0,1.4285714285714286,0.0,0.0,0.0,1.4285714285714286,4.285714285714286,1.4285714285714286,7.142857142857143,0.0,0.0,0.0,0.0,0.0
Saša,Lukić,0.5,Crystal Palace,Home,310.0,0.17129032258064514,0.2061290322580645,1.3035483870967741,3.408387096774193,3.193548387096774,0.0,0.29032258064516125,0.29032258064516125,1.4516129032258063,0.0,0.0,0.5806451612903225,2.6129032258064515,4.064516129032258,2.32258064516129,9.0,0.0,0.0,0.0,0.5806451612903225,0.0
Josh,King,2.5,Crystal Palace,Home,321.0,0.07289719626168224,0.03644859813084112,0.7401869158878503,3.1373831775700936,2.803738317757009,0.0,0.0,0.5607476635514018,0.5607476635514018,0.0,0.0,0.0,0.5607476635514018,3.644859813084112,1.4018691588785046,5.607476635514018,0.0,0.0,0.0,0.2803738317757009,0.0
Samuel,Chukwueze,5.5,Crystal Palace,Home,71.0,0.35492957746478876,0.6845070422535212,0.8366197183098593,6.794366197183098,20.281690140845072,2.535211267605634,1.267605633802817,0.0,2.535211267605634,1.267605633802817,0.0,0.0,0.0,6.338028169014085,0.0,6.338028169014085,0.0,0.0,0.0,0.0,0.0
Kevin,Santos Lopes de Macedo,1.8,Crystal Palace,Home,184.0,0.13695652173913045,0.09293478260869566,0.6016304347826087,3.7858695652173915,3.423913043478261,0.0,0.0,0.9782608695652175,0.0,0.0,0.0,0.0,2.4456521739130435,3.91304347826087,1.956521739130435,8.315217391304348,0.0,0.0,0.0,0.48913043478260876,0.0
Brenden,Aaronson,2.5,Liverpool,Home,347.0,0.3734870317002882,0.08559077809798271,0.7288184438040346,5.306628242074928,5.965417867435159,0.25936599423631124,0.5187319884726225,0.25936599423631124,1.296829971181556,0.7780979827089337,0.0,0.0,1.037463976945245,3.371757925072046,2.593659942363112,7.002881844380403,0.0,0.0,0.0,0.25936599423631124,0.0
Wilfried,Gnonto,0.2,Liverpool,Home,125.0,0.12960000000000002,0.0432,0.33840000000000003,2.5992,2.16,0.0,0.0,0.72,0.0,0.0,0.0,0.0,1.44,2.88,2.88,7.2,0.0,0.0,0.0,0.72,0.0
Jack,Harrison,0.2,Liverpool,Home,121.0,0.1115702479338843,0.08925619834710742,0.6099173553719008,3.1909090909090905,2.975206611570248,0.0,0.0,0.0,1.487603305785124,0.0,0.0,0.0,2.975206611570248,4.462809917355371,2.2314049586776856,9.669421487603305,0.0,0.0,0.0,0.0,0.0
Daniel,James,0.8,Liverpool,Home,136.0,0.23823529411764705,0.11249999999999999,0.4433823529411765,3.732352941176471,2.6470588235294117,0.0,0.0,0.6617647058823529,0.0,0.0,0.0,0.0,0.6617647058823529,1.9852941176470589,0.6617647058823529,3.308823529411765,0.0,0.0,0.0,0.0,0.0
Ethan,Ampadu,3.0,Liverpool,Home,450.0,0.046,0.03,0.908,3.728,3.2,0.0,0.0,0.0,1.6,0.2,0.0,1.6,5.6,6.2,2.4,14.2,0.0,0.0,0.0,0.6,0.0
Ilia,Gruev,0.8,Liverpool,Home,113.0,0.0,0.007964601769911504,0.5734513274336283,2.636283185840708,3.185840707964602,0.0,0.0,0.7964601769911505,0.0,0.0,0.0,0.0,2.3893805309734515,4.778761061946903,2.3893805309734515,9.557522123893806,0.0,0.0,0.0,0.0,0.0
Tanaka,Ao,3.8,Liverpool,Home,297.0,0.12121212121212123,0.024242424242424246,0.790909090909091,4.130303030303032,5.454545454545455,0.30303030303030304,0.0,0.6060606060606061,0.6060606060606061,0.6060606060606061,0.0,0.6060606060606061,2.4242424242424243,5.151515151515151,0.9090909090909092,8.484848484848484,0.0,0.0,0.0,0.30303030303030304,0.0
Sean,Longstaff,0.8,Liverpool,Home,450.0,0.076,0.198,0.808,4.882000000000001,6.0,0.2,0.4,0.2,1.4,0.8,0.0,0.8,2.4,4.2,4.4,11.0,0.0,0.0,0.0,0.0,0.0
Anton,Stach,3.5,Liverpool,Home,358.0,0.13575418994413407,0.06787709497206704,0.7139664804469273,3.6879888268156424,4.273743016759776,0.0,0.5027932960893855,0.25139664804469275,1.2569832402234637,0.0,0.0,0.5027932960893855,2.2625698324022347,4.273743016759776,2.011173184357542,8.547486033519553,0.0,0.0,0.0,0.25139664804469275,0.0
Noah,Okafor,2.2,Liverpool,Home,291.0,0.4268041237113402,0.12061855670103093,0.8010309278350515,5.430927835051547,6.185567010309279,0.30927835051546393,0.6185567010309279,0.0,1.5463917525773196,0.6185567010309279,0.0,0.0,0.9278350515463918,3.711340206185567,2.4742268041237114,7.11340206185567,0.0,0.0,0.0,0.30927835051546393,0.0
Mohamed,Salah,1.2,Leeds,Away,399.0,0.22781954887218045,0.19624060150375938,0.8684210526315789,4.373684210526315,4.511278195488722,0.22556390977443608,0.22556390977443608,0.22556390977443608,1.5789473684210527,0.45112781954887216,0.0,0.0,0.45112781954887216,2.255639097744361,0.0,2.706766917293233,0.0,0.0,0.0,0.0,0.0
Florian,Wirtz,3.0,Leeds,Away,316.0,0.29050632911392404,0.17943037974683546,0.9085443037974684,4.699367088607595,3.7025316455696204,0.0,0.2848101265822785,0.2848101265822785,1.139240506329114,0.569620253164557,0.0,0.0,0.8544303797468354,4.556962025316456,1.7088607594936709,7.120253164556962,0.0,0.0,0.0,0.2848101265822785,0.0
Cody,Gakpo,4.5,Leeds,Away,375.0,0.504,0.10079999999999999,0.996,5.167199999999999,3.5999999999999996,0.24,0.0,0.24,1.44,0.0,0.0,0.0,1.68,2.4,1.2,5.279999999999999,0.0,0.0,0.0,0.0,0.0
Alexis,Mac Allister,2.0,Leeds,Away,374.0,0.23582887700534758,0.08422459893048129,0.8614973262032084,4.31951871657754,3.368983957219251,0.0,0.24064171122994651,0.24064171122994651,1.443850267379679,0.0,0.0,0.0,1.9251336898395721,3.368983957219251,1.443850267379679,6.737967914438502,0.0,0.0,0.0,0.0,0.0
Dominik,Szoboszlai,2.0,Leeds,Away,450.0,0.10600000000000001,0.18,0.8880000000000001,3.3659999999999997,2.2,0.0,0.0,0.2,1.4,0.0,0.0,0.4,1.8,5.8,1.0,8.6,0.0,0.0,0.0,0.4,0.0
Curtis,Jones,1.0,Leeds,Away,188.0,0.07659574468085108,0.33989361702127663,0.9909574468085107,3.7675531914893616,4.308510638297872,0.0,0.4787234042553191,0.0,1.9148936170212765,0.0,0.0,0.0,2.3936170212765955,8.617021276595745,2.872340425531915,13.882978723404255,0.0,0.0,0.0,0.0,0.0
Ryan,Gravenberch,2.8,Leeds,Away,421.0,0.07054631828978622,0.10475059382422804,0.8123515439429928,5.323040380047505,7.268408551068883,0.42755344418052255,0.21377672209026127,0.21377672209026127,1.2826603325415675,1.4964370546318289,0.0,0.8551068883610451,2.7790973871733966,4.061757719714964,3.2066508313539193,10.04750593824228,0.0,0.0,0.0,0.21377672209026127,0.0
Phil,Foden,9.2,Sunderland,Home,449.0,0.18040089086859687,0.2505567928730512,0.8378619153674832,4.131180400890869,5.211581291759465,0.40089086859688194,0.20044543429844097,0.40089086859688194,0.8017817371937639,0.6013363028953229,0.0,0.0,1.0022271714922049,2.8062360801781736,0.8017817371937639,4.610244988864142,0.0,0.0,0.0,0.40089086859688194,0.0
Sávio,Moreira de Oliveira,0.8,Sunderland,Home,182.0,0.07912087912087913,0.19285714285714287,0.8653846153846154,3.5703296703296705,4.450549450549451,0.0,0.4945054945054945,0.4945054945054945,0.4945054945054945,0.0,0.0,0.0,1.978021978021978,2.4725274725274726,1.4835164835164836,5.934065934065934,0.0,0.0,0.0,0.0,0.0
Bernardo,Mota Veiga de Carvalho e Silva,2.2,Sunderland,Home,385.0,0.03974025974025974,0.17298701298701302,1.030909090909091,2.454545454545455,3.5064935064935066,0.0,0.4675324675324675,0.4675324675324675,0.7012987012987013,0.0,0.0,0.0,0.935064935064935,4.675324675324675,0.7012987012987013,6.311688311688312,0.0,0.0,0.0,0.4675324675324675,0.0
Rayan,Cherki,3.0,Sunderland,Home,177.0,0.26949152542372884,0.3610169491525424,0.7677966101694915,5.222033898305085,6.101694915254238,0.0,1.0169491525423728,0.0,1.5254237288135595,1.0169491525423728,0.0,0.0,0.5084745762711864,4.067796610169491,3.5593220338983054,8.135593220338983,0.0,0.0,0.0,0.0,0.0
Jérémy,Doku,5.8,Sunderland,Home,383.0,0.1926892950391645,0.3289817232375979,0.8577023498694517,5.4493472584856395,6.1096605744125325,0.2349869451697128,0.4699738903394256,0.2349869451697128,0.9399477806788512,1.174934725848564,0.0,0.0,0.2349869451697128,3.524804177545692,0.9399477806788512,4.699738903394256,0.0,0.0,0.0,0.0,0.0
Rodrigo 'Rodri',Hernandez Cascante,0.0,Sunderland,Home,75.0,0.0,0.024,0.168,3.5039999999999996,3.5999999999999996,0.0,0.0,1.2,0.0,0.0,0.0,0.0,0.0,6.0,2.4,8.4,0.0,0.0,0.0,0.0,0.0
Nico,González Iglesias,4.0,Sunderland,Home,445.0,0.04853932584269662,0.07483146067415732,0.8474157303370785,3.9761797752808987,4.651685393258426,0.20224719101123595,0.0,0.4044943820224719,0.8089887640449438,0.20224719101123595,0.0,1.2134831460674156,4.449438202247191,5.865168539325842,1.6179775280898876,11.932584269662922,0.0,0.0,0.0,0.20224719101123595,0.0
Oscar,Bobb,0.0,Sunderland,Home,133.0,0.02706766917293233,0.2571428571428571,0.6090225563909775,3.6812030075187963,2.706766917293233,0.0,0.0,0.0,1.3533834586466165,0.0,0.0,0.0,0.0,2.0300751879699246,2.706766917293233,4.7368421052631575,0.0,0.0,0.0,0.0,0.0
Tijjani,Reijnders,2.8,Sunderland,Home,394.0,0.2398477157360406,0.10507614213197969,1.1649746192893402,3.7827411167512683,2.512690355329949,0.0,0.0,0.22842639593908629,1.1421319796954315,0.22842639593908629,0.0,0.0,2.0558375634517763,2.7411167512690353,1.1421319796954315,5.939086294416243,0.0,0.0,0.0,0.0,0.0
Bryan,Mbeumo,2.8,Wolves,Away,415.0,0.19734939759036146,0.16698795180722895,0.5790361445783133,4.62144578313253,5.855421686746989,0.4337349397590362,0.2168674698795181,0.4337349397590362,0.8674698795180724,0.6506024096385543,0.0,0.0,0.2168674698795181,3.4698795180722897,1.0843373493975905,4.771084337349398,0.0,0.0,0.0,0.2168674698795181,0.0
Bruno,Borges Fernandes,5.5,Wolves,Away,446.0,0.46008968609865475,0.20179372197309417,0.6356502242152466,6.733856502242152,4.641255605381166,0.20179372197309417,0.0,0.20179372197309417,1.0089686098654709,0.6053811659192825,0.0,0.8071748878923767,3.2286995515695067,6.255605381165919,2.0179372197309418,11.502242152466367,0.0,0.0,0.0,0.0,0.0
Matheus,Santos Carneiro da Cunha,1.5,Wolves,Away,238.0,0.2873949579831933,0.1966386554621849,0.6995798319327731,5.108823529411765,5.294117647058823,0.37815126050420167,0.0,0.37815126050420167,0.7563025210084033,0.37815126050420167,0.0,0.0,1.5126050420168067,4.915966386554622,1.134453781512605,7.563025210084033,0.0,0.0,0.0,0.0,0.0
Amad,Diallo,3.5,Wolves,Away,429.0,0.2433566433566434,0.19510489510489512,0.5664335664335665,4.382517482517483,2.5174825174825175,0.0,0.0,0.4195804195804196,0.6293706293706294,0.0,0.0,0.0,2.307692307692308,5.034965034965035,1.048951048951049,8.391608391608392,0.0,0.0,0.0,0.0,0.0
Mason,Mount,2.8,Wolves,Away,239.0,0.17698744769874478,0.1882845188284519,0.7418410041841005,4.8878661087866115,5.648535564853557,0.3765690376569038,0.0,0.3765690376569038,0.7531380753138076,0.7531380753138076,0.0,0.0,0.3765690376569038,5.271966527196653,1.1297071129707112,6.778242677824268,0.0,0.0,0.0,0.0,0.0
Carlos Henrique,Casimiro,4.2,Wolves,Away,349.0,0.14183381088825217,0.04383954154727794,0.5389684813753581,4.169914040114613,7.736389684813753,0.5157593123209169,0.5157593123209169,0.5157593123209169,0.7736389684813754,0.7736389684813754,0.0,1.5472779369627507,3.0945558739255015,5.9312320916905446,2.320916905444126,11.346704871060172,0.0,0.0,0.0,0.5157593123209169,0.25787965616045844
Kobbie,Mainoo,0.5,Wolves,Away,77.0,0.08181818181818183,0.2337662337662338,1.168831168831169,2.2792207792207795,2.337662337662338,0.0,0.0,0.0,2.337662337662338,0.0,0.0,0.0,0.0,5.8441558441558445,1.168831168831169,7.012987012987013,0.0,0.0,0.0,0.0,0.0
Manuel,Ugarte Ribeiro,0.5,Wolves,Away,70.0,0.03857142857142857,0.012857142857142857,0.7071428571428572,2.0957142857142856,2.571428571428571,0.0,0.0,0.0,1.2857142857142856,0.0,0.0,0.0,3.857142857142857,2.571428571428571,3.857142857142857,10.285714285714285,0.0,0.0,0.0,0.0,0.0
Anthony,Gordon,1.8,Burnley,Home,281.0,0.4644128113879004,0.1889679715302491,1.188256227758007,4.612099644128114,3.8434163701067616,0.3202846975088968,0.0,0.6405693950177936,1.9217081850533808,0.0,0.0,0.0,0.0,3.202846975088968,1.2811387900355873,4.483985765124555,0.0,0.0,0.0,0.0,0.3202846975088968
Anthony,Elanga,2.0,Burnley,Home,207.0,0.017391304347826087,0.05652173913043479,0.7565217391304347,2.9782608695652177,3.0434782608695654,0.0,0.0,0.4347826086956522,3.0434782608695654,0.0,0.0,0.0,0.4347826086956522,1.3043478260869565,0.0,1.7391304347826089,0.0,0.0,0.0,0.0,0.0
Harvey,Barnes,7.2,Burnley,Home,332.0,0.4879518072289156,0.2548192771084337,0.9840361445783131,6.649698795180722,6.506024096385541,0.5421686746987951,0.0,0.5421686746987951,0.8132530120481927,0.8132530120481927,0.0,0.0,0.8132530120481927,2.9819277108433733,0.5421686746987951,4.337349397590361,0.0,0.0,0.0,0.0,0.0
Bruno,Guimarães Rodriguez Moura,6.2,Burnley,Home,405.0,0.30444444444444446,0.1111111111111111,1.4977777777777779,5.482222222222223,9.555555555555555,0.6666666666666666,0.6666666666666666,0.2222222222222222,1.3333333333333333,2.0,0.0,0.0,0.8888888888888888,3.111111111111111,2.2222222222222223,6.222222222222222,0.0,0.0,0.0,0.0,0.0
Jacob,Murphy,1.8,Burnley,Home,370.0,0.39891891891891895,0.20675675675675678,1.5251351351351354,5.322162162162162,5.351351351351352,0.24324324324324326,0.24324324324324326,0.7297297297297298,0.4864864864864865,0.24324324324324326,0.0,0.0,0.972972972972973,2.675675675675676,0.7297297297297298,4.378378378378379,0.0,0.0,0.0,0.0,0.0
Joelinton Cássio,Apolinário de Lira,2.5,Burnley,Home,450.0,0.12000000000000002,0.022000000000000002,1.3679999999999999,3.8579999999999997,3.4,0.0,0.0,0.2,1.0,0.0,0.0,1.6,3.6,6.2,2.0,11.8,0.0,0.0,0.0,0.4,0.0
Sandro,Tonali,2.5,Burnley,Home,344.0,0.034011627906976746,0.14651162790697675,1.4023255813953488,3.008720930232558,3.9244186046511627,0.0,0.26162790697674415,0.26162790697674415,0.7848837209302325,0.26162790697674415,0.0,0.5232558139534883,3.13953488372093,4.709302325581395,2.093023255813953,9.941860465116278,0.0,0.0,0.0,0.0,0.0
Lewis,Miley,4.5,Burnley,Home,174.0,0.14482758620689656,0.015517241379310345,1.2155172413793103,3.356896551724138,2.586206896551724,0.0,0.0,0.0,1.5517241379310345,0.0,0.0,0.0,2.0689655172413794,2.0689655172413794,1.0344827586206897,5.172413793103448,0.0,0.0,0.0,0.0,0.0
James,McAtee,0.2,Everton,Away,91.0,0.019780219780219783,0.1285714285714286,2.6604395604395603,0.7417582417582418,1.978021978021978,0.0,0.0,0.0,3.956043956043956,0.0,0.0,0.0,0.989010989010989,5.934065934065934,1.978021978021978,8.901098901098901,0.0,0.0,0.0,0.0,0.0
Morgan,Gibbs-White,5.8,Everton,Away,396.0,0.4068181818181818,0.08636363636363635,1.2522727272727272,5.184090909090909,5.227272727272727,0.45454545454545453,0.0,0.0,1.5909090909090908,0.9090909090909091,0.0,0.0,1.1363636363636362,2.2727272727272725,0.0,3.4090909090909087,0.0,0.0,0.0,0.0,0.0
Callum,Hudson-Odoi,0.8,Everton,Away,290.0,0.06206896551724138,0.2482758620689655,1.2444827586206895,2.7496551724137928,2.1724137931034484,0.0,0.0,0.0,1.8620689655172413,0.0,0.0,0.0,1.8620689655172413,3.413793103448276,1.2413793103448276,6.517241379310344,0.0,0.0,0.0,0.0,0.0
Elliot,Anderson,6.5,Everton,Away,450.0,0.22999999999999998,0.118,1.24,5.766,5.2,0.2,0.0,0.0,1.8,0.4,0.0,2.0,2.4,10.4,2.2,15.0,0.0,0.0,0.0,0.2,0.0
Nicolás,Domínguez,1.5,Everton,Away,148.0,0.018243243243243244,0.10945945945945947,0.9972972972972974,0.7114864864864866,1.2162162162162162,0.0,0.0,0.0,1.8243243243243243,0.0,0.0,0.0,1.8243243243243243,1.8243243243243243,3.6486486486486487,7.297297297297297,0.0,0.0,0.0,0.6081081081081081,0.0
Ibrahim,Sangaré,3.8,Everton,Away,399.0,0.1443609022556391,0.027067669172932327,1.387218045112782,3.2661654135338343,3.6090225563909772,0.22556390977443608,0.0,0.0,1.8045112781954886,0.0,0.0,0.9022556390977443,4.7368421052631575,4.511278195488722,2.932330827067669,12.180451127819548,0.0,0.0,0.0,0.45112781954887216,0.0
Ryan,Yates,1.0,Everton,Away,107.0,0.0,0.13457943925233645,1.3710280373831776,2.4140186915887853,5.046728971962617,0.0,0.8411214953271028,0.0,1.6822429906542056,0.0,0.0,0.0,1.6822429906542056,4.205607476635514,2.5233644859813085,8.411214953271028,0.0,0.0,0.0,0.0,0.0
Dan,Ndoye,3.0,Everton,Away,341.0,0.06598240469208211,0.14252199413489738,1.0926686217008799,1.8395894428152495,2.375366568914956,0.0,0.26392961876832843,0.0,1.3196480938416422,0.0,0.0,0.0,1.3196480938416422,3.43108504398827,2.375366568914956,7.126099706744868,0.0,0.0,0.0,0.26392961876832843,0.0
Omari,Hutchinson,4.8,Everton,Away,76.0,0.09473684210526316,0.5565789473684211,1.2078947368421054,4.488157894736842,10.657894736842104,0.0,2.3684210526315788,0.0,1.1842105263157894,1.1842105263157894,0.0,0.0,0.0,9.473684210526315,1.1842105263157894,10.657894736842104,0.0,0.0,0.0,0.0,0.0
Dilane,Bakwa,0.0,Everton,Away,71.0,0.08873239436619719,0.2915492957746479,1.0014084507042254,4.119718309859155,2.535211267605634,0.0,0.0,0.0,1.267605633802817,0.0,0.0,0.0,1.267605633802817,5.070422535211268,0.0,6.338028169014085,0.0,0.0,0.0,0.0,0.0
Simon,Adingra,0.5,Man City,Away,126.0,0.10000000000000002,0.02142857142857143,0.9,3.2357142857142853,5.714285714285714,0.0,0.7142857142857143,0.7142857142857143,1.4285714285714286,0.0,0.0,0.0,0.0,2.857142857142857,1.4285714285714286,4.285714285714286,0.0,0.0,0.0,0.0,0.0
Habib,Diarra,0.0,Man City,Away,176.0,0.24545454545454545,0.01534090909090909,0.9,3.0323863636363635,3.5795454545454546,0.0,0.5113636363636364,0.5113636363636364,0.5113636363636364,0.0,0.0,0.0,1.5340909090909092,2.0454545454545454,0.5113636363636364,4.090909090909091,0.0,0.0,0.0,0.5113636363636364,0.0
Enzo,Le Fée,5.5,Man City,Away,408.0,0.20514705882352943,0.08602941176470588,1.1139705882352942,5.000735294117647,6.176470588235294,0.22058823529411764,0.4411764705882353,0.22058823529411764,1.1029411764705883,0.8823529411764706,0.0,0.4411764705882353,3.308823529411765,3.75,2.6470588235294117,9.705882352941178,0.0,0.0,0.0,0.0,0.0
Chris,Rigg,0.0,Man City,Away,111.0,0.048648648648648644,0.032432432432432434,0.47837837837837843,3.105405405405405,3.243243243243243,0.0,0.0,0.8108108108108107,0.0,0.0,0.0,0.0,0.0,1.6216216216216215,2.4324324324324325,4.0540540540540535,0.0,0.0,0.0,0.0,0.0
Noah,Sadiki,2.5,Man City,Away,450.0,0.014000000000000002,0.062,1.162,2.816,2.6,0.0,0.0,0.2,1.2,0.0,0.0,0.8,3.2,4.0,1.0,8.2,0.0,0.0,0.0,0.4,0.0
Chemsdine,Talbi,3.5,Man City,Away,258.0,0.10116279069767443,0.03488372093023256,1.475581395348837,3.156976744186047,4.186046511627907,0.0,0.3488372093023256,0.3488372093023256,1.3953488372093024,0.0,0.0,0.0,1.3953488372093024,3.8372093023255816,0.6976744186046512,5.930232558139535,0.0,0.0,0.0,0.0,0.0
Granit,Xhaka,3.5,Man City,Away,450.0,0.028000000000000004,0.11399999999999999,1.202,3.6020000000000003,5.4,0.2,0.4,0.2,1.2,0.6,0.0,0.8,3.6,4.0,2.2,9.8,0.0,0.0,0.0,0.4,0.0
Bertrand,Traoré,3.2,Man City,Away,268.0,0.04365671641791045,0.03022388059701493,1.2895522388059701,3.6402985074626866,5.037313432835821,0.33582089552238803,0.0,0.33582089552238803,1.3432835820895521,0.33582089552238803,0.0,0.0,1.007462686567164,4.701492537313433,1.007462686567164,6.716417910447761,0.0,0.0,0.0,0.0,0.0
Brennan,Johnson,1.0,Brentford,Home,250.0,0.18,0.05759999999999999,1.0799999999999998,2.6136,3.96,0.36,0.0,0.36,1.08,0.0,0.0,0.0,1.8,1.8,1.44,5.04,0.0,0.0,0.0,0.36,0.0
Mohammed,Kudus,4.2,Brentford,Home,450.0,0.1,0.078,1.4380000000000002,2.7800000000000002,3.0,0.2,0.0,0.0,1.4,0.2,0.0,0.0,0.2,5.4,2.2,7.8,0.0,0.0,0.0,0.2,0.0
Rodrigo,Bentancur,1.5,Brentford,Home,325.0,0.049846153846153846,0.05815384615384616,1.4316923076923074,3.3812307692307693,4.707692307692308,0.27692307692307694,0.0,0.0,1.3846153846153846,0.8307692307692307,0.0,0.5538461538461539,2.769230769230769,6.923076923076923,2.4923076923076923,12.184615384615384,0.0,0.0,0.0,0.27692307692307694,0.0
Lucas,Bergvall,1.8,Brentford,Home,268.0,0.17126865671641792,0.047014925373134335,0.9402985074626865,3.129850746268657,3.3582089552238803,0.0,0.33582089552238803,0.33582089552238803,1.007462686567164,0.0,0.0,0.0,1.6791044776119401,3.3582089552238803,2.014925373134328,7.052238805970149,0.0,0.0,0.0,0.33582089552238803,0.0
Wilson,Odobert,2.8,Brentford,Home,189.0,0.20476190476190473,0.18095238095238095,0.4571428571428572,5.395238095238095,5.238095238095238,0.0,0.47619047619047616,0.0,1.4285714285714286,1.4285714285714286,0.0,0.0,1.4285714285714286,3.333333333333333,0.47619047619047616,5.238095238095238,0.0,0.0,0.0,0.0,0.0
Archie,Gray,0.5,Brentford,Home,129.0,0.013953488372093023,0.04186046511627907,0.8441860465116279,2.141860465116279,2.7906976744186047,0.0,0.0,0.6976744186046512,1.3953488372093024,0.0,0.0,0.0,3.488372093023256,6.976744186046512,0.6976744186046512,11.162790697674419,0.0,0.0,0.0,0.0,0.0
Pape Matar,Sarr,1.5,Brentford,Home,345.0,0.002608695652173913,0.0808695652173913,1.7843478260869567,2.7156521739130435,3.652173913043478,0.0,0.2608695652173913,0.2608695652173913,1.0434782608695652,0.0,0.0,0.5217391304347826,4.695652173913043,3.9130434782608696,1.5652173913043477,10.17391304347826,0.0,0.0,0.0,0.0,0.0
João Maria,Lobo Alves Palhares Costa Palhinha Gonçalves,3.0,Brentford,Home,407.0,0.04422604422604423,0.06633906633906633,1.3245700245700247,4.365110565110565,5.749385749385749,0.22113022113022113,0.22113022113022113,0.0,1.547911547911548,1.1056511056511056,0.0,1.3267813267813269,3.316953316953317,4.643734643734644,5.528255528255529,13.48894348894349,0.0,0.0,0.0,0.44226044226044225,0.0
Xavi,Simons,1.2,Brentford,Home,328.0,0.03841463414634147,0.09054878048780489,1.1661585365853657,2.9771341463414633,2.4695121951219514,0.0,0.0,0.0,1.3719512195121952,0.0,0.0,0.5487804878048781,2.4695121951219514,6.310975609756098,2.7439024390243905,11.52439024390244,0.0,0.0,0.0,0.5487804878048781,0.0
Lucas,Tolentino Coelho de Lima,0.8,Brighton,Away,435.0,0.05379310344827587,0.0806896551724138,1.3593103448275865,1.7627586206896553,3.103448275862069,0.20689655172413796,0.20689655172413796,0.0,1.6551724137931036,0.6206896551724138,0.0,0.0,1.8620689655172415,5.172413793103448,2.0689655172413794,9.10344827586207,0.0,0.0,0.0,0.6206896551724138,0.20689655172413796
Tomáš,Souček,4.0,Brighton,Away,249.0,0.7120481927710843,0.0036144578313253013,2.0566265060240965,5.259036144578314,7.228915662650603,0.7228915662650602,0.3614457831325301,0.0,3.6144578313253013,1.0843373493975903,0.0,0.0,7.228915662650603,3.253012048192771,1.0843373493975903,11.566265060240964,0.0,0.0,0.0,0.0,0.3614457831325301
James,Ward-Prowse,0.0,Brighton,Away,270.0,0.043333333333333335,0.26,1.9900000000000002,2.3566666666666665,2.0,0.0,0.0,0.0,3.3333333333333335,0.0,0.0,0.0,2.3333333333333335,1.0,1.0,4.333333333333333,0.0,0.0,0.0,0.0,0.0
Crysencio,Summerville,1.2,Brighton,Away,387.0,0.0930232558139535,0.06976744186046513,1.4162790697674421,2.6279069767441863,2.7906976744186047,0.0,0.23255813953488372,0.0,1.8604651162790697,0.0,0.0,0.0,2.0930232558139537,2.558139534883721,1.3953488372093024,6.046511627906977,0.0,0.0,0.0,0.23255813953488372,0.0
Freddie,Potts,2.5,Brighton,Away,283.0,0.0,0.03180212014134275,0.9254416961130743,3.0243816254416958,2.862190812720848,0.0,0.0,0.0,1.5901060070671378,0.0,0.0,0.6360424028268551,5.088339222614841,3.1802120141342756,2.5441696113074204,10.812720848056538,0.0,0.0,0.0,0.0,0.0
Mateus Gonçalo,Espanha Fernandes,2.8,Brighton,Away,386.0,0.07227979274611399,0.12823834196891193,1.4875647668393785,2.7419689119170987,3.0310880829015545,0.0,0.23316062176165803,0.0,1.8652849740932642,0.46632124352331605,0.0,0.0,3.0310880829015545,3.2642487046632125,1.8652849740932642,8.160621761658032,0.0,0.0,0.0,0.23316062176165803,0.0
Soungoutou,Magassa,3.2,Brighton,Away,96.0,0.0,0.009375,1.4156250000000001,1.425,1.875,0.0,0.0,0.0,1.875,0.0,0.0,0.0,1.875,2.8125,3.75,8.4375,0.0,0.0,0.0,0.9375,0.0
Hwang,Hee-chan,1.0,Man Utd,Home,203.0,0.2660098522167488,0.07536945812807881,1.516256157635468,3.5157635467980293,4.876847290640394,0.4433497536945813,0.0,0.0,2.6600985221674875,0.0,0.0,0.0,2.6600985221674875,0.8866995073891626,0.8866995073891626,4.433497536945813,0.0,0.0,0.0,0.0,0.0
André,Trindade da Costa Neto,2.5,Man Utd,Home,400.0,0.0,0.033749999999999995,1.3410000000000002,3.084749999999999,2.925,0.0,0.0,0.0,2.025,0.0,0.0,0.8999999999999999,2.25,7.875,2.475,12.6,0.0,0.0,0.0,0.22499999999999998,0.0
Jean-Ricner,Bellegarde,2.0,Man Utd,Home,251.0,0.06095617529880479,0.1254980079681275,1.0864541832669323,2.6175298804780875,2.50996015936255,0.0,0.0,0.35856573705179284,2.50996015936255,0.0,0.0,0.0,1.7928286852589643,2.50996015936255,2.1513944223107573,6.454183266932271,0.0,0.0,0.0,0.35856573705179284,0.0
Fer,López González,0.0,Man Utd,Home,71.0,0.038028169014084505,0.519718309859155,0.7605633802816901,2.2563380281690146,5.070422535211268,0.0,1.267605633802817,0.0,3.802816901408451,0.0,0.0,0.0,0.0,3.802816901408451,1.267605633802817,5.070422535211268,0.0,0.0,0.0,1.267605633802817,0.0
João Victor,Gomes da Silva,2.5,Man Utd,Home,376.0,0.08377659574468084,0.03351063829787234,0.9622340425531913,3.7268617021276595,3.111702127659574,0.0,0.0,0.0,1.9148936170212765,0.0,0.0,1.4361702127659575,3.111702127659574,6.702127659574468,3.590425531914893,13.404255319148936,0.0,0.0,0.0,0.4787234042553191,0.0
Marshall,Munetsi,0.8,Man Utd,Home,373.0,0.29436997319034847,0.02171581769436997,1.2353887399463805,3.9546916890080426,5.0670241286863265,0.24128686327077745,0.4825737265415549,0.0,1.6890080428954422,0.24128686327077745,0.0,0.0,1.9302949061662196,1.6890080428954422,1.9302949061662196,5.549597855227882,0.0,0.0,0.0,0.0,0.0
Jhon,Arias,1.0,Man Utd,Home,300.0,0.48,0.024,1.407,5.25,2.6999999999999997,0.0,0.0,0.0,2.1,0.3,0.0,0.0,1.5,3.5999999999999996,3.9,9.0,0.0,0.0,0.0,0.0,0.0
